{"Squat up": {"angleAtRelbow": 161.89501413040023, "angleAtLelbow": 155.26079636597802, "angleAtRshoulder": 8.861111182954538, "angleAtLshoulder": 8.387586689517738, "angleAtRhip": 106.5821263321848, "angleAtLhip": 105.55391494015706, "angleAtRknee": 71.43060419999105, "angleAtLknee": 69.93275973552359, "angleAtRankle": 72.65572591219882, "angleAtLankle": 57.08543537672591}}