{"Squat down": {"angleAtRelbow": 84.17152920491927, "angleAtLelbow": 69.07677751667173, "angleAtRshoulder": 101.96734313385593, "angleAtLshoulder": 100.2685237533658, "angleAtRhip": 57.566892019667705, "angleAtLhip": 55.97337992060699, "angleAtRknee": 65.37685502686284, "angleAtLknee": 64.04718157659198, "angleAtRankle": 76.9088303054537, "angleAtLankle": 73.60567906196758}}